epoch,time,train/box_loss,train/cls_loss,train/dfl_loss,metrics/precision(B),metrics/recall(B),metrics/mAP50(B),metrics/mAP50-95(B),val/box_loss,val/cls_loss,val/dfl_loss,lr/pg0,lr/pg1,lr/pg2
1,16.8414,0.84754,5.72806,1.25218,0.46442,0.45833,0.40432,0.34553,0.56625,7.30764,0.99394,0.00018,0.00018,0.00018
2,28.4384,0.76264,2.38731,1.10809,0.8643,0.59375,0.70722,0.52319,0.84725,9.45845,1.204,0.000378495,0.000378495,0.000378495
3,36.6758,0.78286,1.24594,1.1024,0.63446,0.67708,0.68561,0.42237,1.00176,14.9711,1.98179,0.000575406,0.000575406,0.000575406
4,47.1045,0.82093,0.85521,1.13814,0.063,0.34375,0.03652,0.01535,2.01507,17.2628,3.48313,0.000770734,0.000770734,0.000770734
5,55.7226,0.91561,0.83289,1.15827,0.00325,0.41667,0.00279,0.0006,3.73936,inf,65.3456,0.000964477,0.000964477,0.000964477
6,66.2843,0.89406,0.87606,1.15264,0.0003,0.01042,2e-05,2e-05,3.47869,173.745,7.41141,0.00115664,0.00115664,0.00115664
7,74.1667,0.85411,0.75934,1.1166,4e-05,0.01042,2e-05,1e-05,nan,nan,nan,0.00134721,0.00134721,0.00134721
8,83.6174,0.83223,0.75353,1.13382,0.01611,0.03125,0.0019,0.00047,4.19723,16.2427,7.96583,0.0015362,0.0015362,0.0015362
9,91.9967,0.84983,0.70911,1.13454,0.16298,0.34077,0.0799,0.033,2.33231,12.1934,8.94929,0.00172361,0.00172361,0.00172361
10,100.818,0.82822,0.65567,1.10447,0.41191,0.47917,0.36149,0.22272,1.33824,9.11667,1.99602,0.00190943,0.00190943,0.00190943
11,109.556,0.81909,0.69362,1.12404,0.00983,0.08333,0.00203,0.00126,3.31282,14.8932,10.001,0.0019208,0.0019208,0.0019208
12,117.751,0.86926,0.72219,1.14854,0.01611,0.07292,0.00436,0.00271,nan,nan,nan,0.00191288,0.00191288,0.00191288
13,127.183,0.81891,0.63271,1.1278,0.03104,0.13542,0.00841,0.00511,nan,nan,nan,0.00190496,0.00190496,0.00190496
14,135.031,0.82106,0.62766,1.11186,0.02574,0.22917,0.0088,0.00354,nan,nan,nan,0.00189704,0.00189704,0.00189704
15,145.024,0.81844,0.64597,1.10288,0.02676,0.29167,0.01287,0.00929,nan,nan,nan,0.00188912,0.00188912,0.00188912
16,152.713,0.79712,0.62248,1.10843,0.19878,0.22917,0.10457,0.07863,nan,nan,nan,0.0018812,0.0018812,0.0018812
17,163.032,0.82985,0.62801,1.13982,0.00374,0.08333,0.00079,0.00061,nan,nan,nan,0.00187328,0.00187328,0.00187328
18,170.719,0.79434,0.59019,1.07823,0.2197,0.19792,0.12188,0.09438,2.12694,18.4826,3.26842,0.00186536,0.00186536,0.00186536
19,180.712,0.79448,0.62558,1.10704,0.93779,0.35417,0.3867,0.28868,1.82381,2.87516,2.26655,0.00185744,0.00185744,0.00185744
20,189.114,0.81869,0.5967,1.09794,0.91841,0.77083,0.87816,0.65459,0.87171,1.59503,1.1731,0.00184952,0.00184952,0.00184952
21,198.659,0.79965,0.59944,1.0987,0.89241,0.73958,0.82111,0.59906,0.98012,1.14783,1.24691,0.0018416,0.0018416,0.0018416
22,206.904,0.76521,0.56294,1.07079,0.84579,0.85697,0.93374,0.71956,0.82392,0.78141,1.14654,0.00183368,0.00183368,0.00183368
23,215.872,0.76103,0.54982,1.06764,0.63116,0.5625,0.61081,0.43304,1.2194,1.37918,1.37022,0.00182576,0.00182576,0.00182576
24,224.519,0.71813,0.55312,1.04238,0.54869,0.32292,0.35741,0.24481,1.74641,3.20898,2.01103,0.00181784,0.00181784,0.00181784
25,232.819,0.72945,0.51559,1.05454,0.57395,0.45833,0.4341,0.33359,1.41954,3.29407,1.63692,0.00180992,0.00180992,0.00180992
26,242.061,0.74386,0.55409,1.07587,0.77698,0.5444,0.6023,0.45165,1.01278,2.10244,1.25709,0.001802,0.001802,0.001802
27,250.003,0.72838,0.5298,1.06436,0.90939,0.90625,0.93713,0.73258,0.85257,0.96188,1.15225,0.00179408,0.00179408,0.00179408
28,260.383,0.76925,0.55632,1.09136,0.81532,0.78181,0.799,0.65456,0.72807,0.8637,1.06496,0.00178616,0.00178616,0.00178616
29,268.707,0.71737,0.53509,1.03717,0.81435,0.50266,0.56496,0.42466,1.29211,1.94655,1.55177,0.00177824,0.00177824,0.00177824
30,278.709,0.71869,0.55099,1.06155,0.93237,0.83333,0.89973,0.71847,0.75158,0.71235,1.09027,0.00177032,0.00177032,0.00177032
31,286.376,0.74938,0.5505,1.08175,0.94724,0.93518,0.96048,0.78082,0.65809,0.78508,1.02457,0.0017624,0.0017624,0.0017624
32,296.621,0.73193,0.53108,1.06439,0.85422,0.92708,0.93912,0.79958,0.67929,1.26754,1.02753,0.00175448,0.00175448,0.00175448
33,304.813,0.69696,0.4968,1.03462,0.91562,0.90625,0.9465,0.77074,0.7419,0.79127,1.04919,0.00174656,0.00174656,0.00174656
34,314.805,0.69212,0.48957,1.04437,0.90588,0.94792,0.96138,0.75996,0.69496,0.78684,1.05431,0.00173864,0.00173864,0.00173864
35,323.217,0.68426,0.46306,1.03698,0.93556,0.90625,0.96956,0.82072,0.62946,0.71528,0.97168,0.00173072,0.00173072,0.00173072
36,332.847,0.72177,0.48509,1.05415,0.96141,0.91667,0.9691,0.81009,0.62477,0.59962,0.96134,0.0017228,0.0017228,0.0017228
37,341.177,0.69364,0.48105,1.05235,0.90682,0.9124,0.93572,0.77697,0.63858,0.82351,1.02414,0.00171488,0.00171488,0.00171488
38,350.201,0.69322,0.50393,1.04099,0.93413,0.89583,0.94598,0.77078,0.69704,0.68469,1.02676,0.00170696,0.00170696,0.00170696
39,358.464,0.72007,0.50582,1.05232,0.95889,0.97181,0.98644,0.81664,0.65613,0.47256,1.0026,0.00169904,0.00169904,0.00169904
40,367.673,0.64884,0.47042,1.01748,0.99798,0.96875,0.98848,0.84581,0.60549,0.43186,0.96383,0.00169112,0.00169112,0.00169112
41,376.133,0.68957,0.46434,1.04706,0.96308,0.9375,0.97933,0.80672,0.65795,0.44667,0.97452,0.0016832,0.0016832,0.0016832
42,384.102,0.68594,0.47381,1.03856,0.91945,0.98958,0.98164,0.83947,0.60718,0.487,0.971,0.00167528,0.00167528,0.00167528
43,393.69,0.67471,0.47129,1.02529,0.94887,0.96875,0.98052,0.83683,0.58327,0.45894,0.94759,0.00166736,0.00166736,0.00166736
44,401.282,0.6567,0.45683,1.01357,0.96823,0.9524,0.97863,0.82928,0.62538,0.60333,0.98082,0.00165944,0.00165944,0.00165944
45,411.244,0.65331,0.46682,1.03228,0.9592,0.94792,0.9808,0.83776,0.60185,0.50835,0.96899,0.00165152,0.00165152,0.00165152
46,418.803,0.66559,0.45052,1.02106,0.93969,0.97917,0.98101,0.83996,0.60369,0.476,0.9667,0.0016436,0.0016436,0.0016436
47,428.645,0.67277,0.45564,1.03363,0.96854,0.95833,0.98726,0.8303,0.63107,0.50905,0.99537,0.00163568,0.00163568,0.00163568
48,437.138,0.64404,0.44391,1.00997,0.95836,0.95906,0.98847,0.82728,0.58482,0.54403,0.94465,0.00162776,0.00162776,0.00162776
49,446.524,0.63826,0.4331,1.00945,0.97911,0.97665,0.98805,0.82458,0.63314,0.56189,0.99248,0.00161984,0.00161984,0.00161984
50,454.923,0.65703,0.44261,1.02493,0.97843,0.94489,0.98248,0.822,0.62765,0.45948,0.98428,0.00161192,0.00161192,0.00161192
51,464.181,0.6309,0.41936,0.99283,0.96858,0.96335,0.98309,0.82639,0.63849,0.40987,1.01001,0.001604,0.001604,0.001604
52,472.97,0.60609,0.42004,0.98593,0.94722,0.95833,0.97316,0.81486,0.61193,0.52663,0.98235,0.00159608,0.00159608,0.00159608
53,481.378,0.65875,0.47047,1.01942,0.95699,0.91667,0.96464,0.80908,0.57743,0.67832,0.94868,0.00158816,0.00158816,0.00158816
54,489.94,0.63504,0.43607,1.02059,0.97365,0.95833,0.97761,0.84778,0.57028,0.43347,0.9311,0.00158024,0.00158024,0.00158024
55,498.56,0.61811,0.4264,1.01376,0.94906,0.96875,0.97728,0.82426,0.59611,0.46286,0.9815,0.00157232,0.00157232,0.00157232
56,507.504,0.6223,0.41876,1.02354,0.97878,0.96099,0.98356,0.84154,0.61745,0.40761,0.96119,0.0015644,0.0015644,0.0015644
57,515.159,0.60224,0.41458,1.00281,0.92502,0.95833,0.97603,0.82821,0.59883,0.48907,0.95364,0.00155648,0.00155648,0.00155648
58,525.158,0.58724,0.41183,1.00234,0.97933,0.98716,0.99299,0.84152,0.58907,0.36991,0.95281,0.00154856,0.00154856,0.00154856
59,532.586,0.58759,0.42067,0.97318,0.97889,0.96627,0.98769,0.83897,0.58113,0.41603,0.95432,0.00154064,0.00154064,0.00154064
60,542.466,0.6057,0.42164,0.98948,0.98424,0.96875,0.98453,0.84637,0.57019,0.4422,0.94842,0.00153272,0.00153272,0.00153272
61,550.421,0.60318,0.42684,0.99912,0.96595,0.97917,0.98249,0.81526,0.60602,0.44727,0.95973,0.0015248,0.0015248,0.0015248
62,560.209,0.63023,0.44751,1.03391,0.97884,0.96875,0.98143,0.84584,0.54646,0.46547,0.9619,0.00151688,0.00151688,0.00151688
63,568.851,0.59294,0.43031,0.97559,0.97866,0.95529,0.98461,0.83723,0.58014,0.4627,0.96946,0.00150896,0.00150896,0.00150896
64,578.162,0.62112,0.42891,1.00636,0.98168,0.95833,0.9878,0.83576,0.61845,0.42838,0.9846,0.00150104,0.00150104,0.00150104
65,586.549,0.60279,0.4126,1.00041,0.98264,0.92708,0.98062,0.83644,0.57023,0.39461,0.9453,0.00149312,0.00149312,0.00149312
66,595.254,0.62361,0.41157,0.99473,0.94924,0.97401,0.96932,0.82949,0.57808,0.45345,0.96395,0.0014852,0.0014852,0.0014852
67,604.465,0.57454,0.38379,0.99188,0.93684,0.97917,0.97795,0.83717,0.56896,0.49974,0.94671,0.00147728,0.00147728,0.00147728
68,612.747,0.57751,0.38758,0.97144,0.95242,0.97917,0.97823,0.84638,0.56601,0.40913,0.95516,0.00146936,0.00146936,0.00146936
69,622.119,0.59283,0.4036,0.99169,0.96864,0.96529,0.98686,0.83636,0.55074,0.3941,0.94484,0.00146144,0.00146144,0.00146144
70,629.944,0.5381,0.37917,0.97401,0.89241,0.95039,0.95828,0.82162,0.58207,0.49025,0.97578,0.00145352,0.00145352,0.00145352
71,639.378,0.56617,0.39209,0.97812,0.93129,0.94792,0.97036,0.82188,0.60575,0.47513,0.99728,0.0014456,0.0014456,0.0014456
72,646.937,0.59907,0.40742,0.98483,0.94886,0.97917,0.9858,0.85614,0.55942,0.40355,0.93557,0.00143768,0.00143768,0.00143768
73,657.119,0.54253,0.37577,0.9529,0.97724,0.97917,0.98706,0.8463,0.54388,0.38132,0.92564,0.00142976,0.00142976,0.00142976
74,664.873,0.55078,0.38189,0.95747,0.94887,0.96875,0.98443,0.8346,0.57045,0.40919,0.92611,0.00142184,0.00142184,0.00142184
75,674.484,0.59942,0.4167,0.99579,0.90305,0.97024,0.98175,0.83694,0.62169,0.4401,0.95292,0.00141392,0.00141392,0.00141392
76,682.194,0.56386,0.39308,0.97441,0.98188,0.96875,0.98324,0.84871,0.56677,0.36556,0.94114,0.001406,0.001406,0.001406
77,691.804,0.60305,0.40181,1.00176,0.96869,0.97917,0.98272,0.86148,0.54093,0.36495,0.92741,0.00139808,0.00139808,0.00139808
78,700.642,0.56431,0.39249,0.97959,0.97637,0.95833,0.97948,0.86441,0.54971,0.38284,0.94518,0.00139016,0.00139016,0.00139016
79,709.769,0.57363,0.38998,1.00704,0.97331,0.95833,0.98484,0.85896,0.57734,0.3949,0.95636,0.00138224,0.00138224,0.00138224
80,718.05,0.55779,0.39709,0.97399,0.98565,0.94792,0.98048,0.84549,0.58665,0.38409,0.95563,0.00137432,0.00137432,0.00137432
81,727.226,0.58142,0.40188,0.98877,0.98915,0.95833,0.98061,0.86274,0.53481,0.38342,0.92865,0.0013664,0.0013664,0.0013664
82,735.576,0.55717,0.39099,0.94938,0.96927,0.98579,0.98287,0.85463,0.51225,0.36416,0.92207,0.00135848,0.00135848,0.00135848
83,744.886,0.57129,0.36865,0.98323,0.9606,0.94792,0.97868,0.85908,0.52963,0.38579,0.91852,0.00135056,0.00135056,0.00135056
84,753.102,0.57538,0.3853,0.98768,0.96873,0.96798,0.98444,0.85338,0.56166,0.34533,0.9319,0.00134264,0.00134264,0.00134264
85,761.324,0.55087,0.37248,0.98738,0.97044,0.95833,0.98422,0.86651,0.529,0.35681,0.928,0.00133472,0.00133472,0.00133472
86,771.008,0.59051,0.39151,0.99477,0.96703,0.96875,0.97843,0.86508,0.51878,0.37152,0.92416,0.0013268,0.0013268,0.0013268
87,779.185,0.54902,0.35882,0.9625,0.97663,0.97917,0.97872,0.84072,0.59612,0.41845,0.96148,0.00131888,0.00131888,0.00131888
88,788.501,0.59287,0.3908,0.99654,0.96896,0.97561,0.97881,0.85578,0.55811,0.40637,0.93967,0.00131096,0.00131096,0.00131096
89,796.38,0.56345,0.38333,0.99755,0.9783,0.97917,0.98199,0.83747,0.61008,0.40523,0.98209,0.00130304,0.00130304,0.00130304
90,805.736,0.5316,0.35763,0.9591,0.96812,0.97917,0.98636,0.86759,0.55307,0.36368,0.93904,0.00129512,0.00129512,0.00129512
91,813.366,0.53051,0.36782,0.95657,0.96529,0.95833,0.9871,0.85792,0.55688,0.34342,0.93483,0.0012872,0.0012872,0.0012872
92,823.433,0.54344,0.36027,0.97311,0.97235,0.97917,0.98837,0.87598,0.53386,0.34881,0.9263,0.00127928,0.00127928,0.00127928
93,831.267,0.54942,0.35855,0.97418,0.97907,0.97453,0.98858,0.87705,0.51716,0.32335,0.921,0.00127136,0.00127136,0.00127136
94,841.424,0.54311,0.35141,0.96261,0.97901,0.97171,0.98654,0.86445,0.54078,0.33334,0.92468,0.00126344,0.00126344,0.00126344
95,849.659,0.52222,0.3343,0.95535,0.98832,0.97917,0.98884,0.88351,0.52276,0.32153,0.92524,0.00125552,0.00125552,0.00125552
96,859.641,0.53615,0.35359,0.98614,0.97889,0.96605,0.9861,0.85337,0.54648,0.35857,0.94183,0.0012476,0.0012476,0.0012476
97,868.03,0.54751,0.37314,0.99184,0.97833,0.94056,0.97106,0.84347,0.54305,0.38065,0.93867,0.00123968,0.00123968,0.00123968
98,877.535,0.49325,0.33151,0.94156,0.96668,0.9375,0.96776,0.84729,0.50848,0.38412,0.93825,0.00123176,0.00123176,0.00123176
99,885.791,0.52445,0.35577,0.97692,0.97872,0.9375,0.97995,0.86722,0.53283,0.36636,0.92813,0.00122384,0.00122384,0.00122384
100,894.105,0.53744,0.3679,0.96526,0.9679,0.97917,0.98875,0.87557,0.50987,0.34421,0.92021,0.00121592,0.00121592,0.00121592
101,903.218,0.5103,0.35227,0.95594,0.97251,0.96875,0.98482,0.87389,0.52993,0.36918,0.93483,0.001208,0.001208,0.001208
102,911.37,0.50612,0.35448,0.96649,0.97521,0.97917,0.9825,0.87559,0.52248,0.37603,0.92644,0.00120008,0.00120008,0.00120008
103,920.861,0.51167,0.34562,0.97428,0.96906,0.97885,0.98798,0.86963,0.52609,0.33205,0.91818,0.00119216,0.00119216,0.00119216
104,928.903,0.48904,0.32222,0.9351,0.97737,0.96875,0.98776,0.87752,0.52086,0.32806,0.91782,0.00118424,0.00118424,0.00118424
105,938.625,0.50569,0.34496,0.95537,0.96689,0.97917,0.98823,0.87135,0.52667,0.33455,0.91598,0.00117632,0.00117632,0.00117632
106,946.652,0.49668,0.33773,0.94515,0.96697,1,0.99026,0.87097,0.53924,0.32668,0.91718,0.0011684,0.0011684,0.0011684
107,956.495,0.50804,0.34169,0.96653,0.97944,1,0.99105,0.86404,0.50961,0.31758,0.91802,0.00116048,0.00116048,0.00116048
108,964.156,0.5225,0.35246,0.9594,0.96768,0.98958,0.98519,0.87293,0.51532,0.32731,0.91856,0.00115256,0.00115256,0.00115256
109,974.003,0.53395,0.35069,0.97678,0.97528,0.96875,0.98453,0.87375,0.50815,0.32348,0.91348,0.00114464,0.00114464,0.00114464
110,982.464,0.50125,0.32046,0.94038,0.96423,0.97917,0.98564,0.87632,0.53299,0.33311,0.92805,0.00113672,0.00113672,0.00113672
111,991.808,0.50756,0.34217,0.94928,0.97583,0.96875,0.98889,0.8657,0.53625,0.33615,0.92729,0.0011288,0.0011288,0.0011288
112,1000.44,0.50985,0.34694,0.94594,0.95996,0.99889,0.98861,0.88139,0.5226,0.31018,0.91436,0.00112088,0.00112088,0.00112088
113,1009.46,0.50775,0.33116,0.93748,0.96967,0.99924,0.9905,0.87287,0.53931,0.31205,0.91894,0.00111296,0.00111296,0.00111296
114,1017.95,0.50589,0.33125,0.93822,0.97853,0.96875,0.98894,0.89949,0.49443,0.30404,0.90858,0.00110504,0.00110504,0.00110504
115,1026.48,0.48248,0.32648,0.9491,0.98808,0.95833,0.98547,0.88813,0.50432,0.32674,0.92217,0.00109712,0.00109712,0.00109712
116,1035.64,0.47614,0.31579,0.95033,0.9747,0.96875,0.9736,0.85979,0.54125,0.35895,0.93243,0.0010892,0.0010892,0.0010892
117,1043.7,0.4783,0.31851,0.93332,0.98631,0.96875,0.98289,0.89096,0.49671,0.32959,0.91952,0.00108128,0.00108128,0.00108128
118,1053.08,0.50131,0.34085,0.95456,0.98703,0.95833,0.97644,0.87289,0.51099,0.36917,0.91894,0.00107336,0.00107336,0.00107336
119,1060.69,0.47874,0.32172,0.93429,0.98935,0.96737,0.98405,0.87973,0.47265,0.32409,0.90194,0.00106544,0.00106544,0.00106544
120,1070.5,0.48618,0.31865,0.95195,0.97893,0.96792,0.98883,0.88899,0.50766,0.33058,0.90695,0.00105752,0.00105752,0.00105752
121,1078.56,0.49574,0.33465,0.94521,0.98933,0.96555,0.98559,0.89756,0.47649,0.34278,0.90591,0.0010496,0.0010496,0.0010496
122,1088.27,0.48619,0.33705,0.96285,0.99355,0.96875,0.98788,0.88491,0.50804,0.32251,0.91499,0.00104168,0.00104168,0.00104168
123,1096.48,0.47377,0.31866,0.93721,0.98717,0.97917,0.99157,0.87432,0.50673,0.30082,0.91855,0.00103376,0.00103376,0.00103376
124,1105.87,0.48077,0.3244,0.936,0.97734,0.97917,0.98663,0.88915,0.48466,0.31681,0.90488,0.00102584,0.00102584,0.00102584
125,1114.4,0.44323,0.30137,0.92932,0.98721,0.96875,0.984,0.87739,0.51513,0.32435,0.91822,0.00101792,0.00101792,0.00101792
126,1123.11,0.46342,0.30179,0.93855,0.97793,0.96875,0.98683,0.8799,0.49367,0.34237,0.91158,0.00101,0.00101,0.00101
127,1131.68,0.44078,0.31095,0.92179,0.97804,0.96875,0.98021,0.8791,0.51738,0.37081,0.92223,0.00100208,0.00100208,0.00100208
128,1140.39,0.45528,0.30862,0.91879,0.98817,0.96875,0.9822,0.88171,0.51071,0.3512,0.92189,0.00099416,0.00099416,0.00099416
129,1149.37,0.46564,0.31462,0.93451,0.97937,0.96875,0.97284,0.85901,0.52971,0.35679,0.94683,0.00098624,0.00098624,0.00098624
130,1157.58,0.48037,0.31953,0.9439,0.9762,0.95833,0.9807,0.86187,0.52104,0.3486,0.92843,0.00097832,0.00097832,0.00097832
131,1166.53,0.46191,0.31543,0.93465,0.94911,0.97138,0.98311,0.87601,0.50136,0.36471,0.91335,0.0009704,0.0009704,0.0009704
132,1175.36,0.47561,0.32203,0.94957,0.96638,0.97917,0.98453,0.87457,0.50172,0.34658,0.92032,0.00096248,0.00096248,0.00096248
133,1184.5,0.49246,0.32922,0.93669,0.95989,0.96875,0.98181,0.88126,0.49359,0.35462,0.93143,0.00095456,0.00095456,0.00095456
134,1192.57,0.45193,0.31762,0.92844,0.96851,0.96875,0.98261,0.8653,0.50897,0.35495,0.92607,0.00094664,0.00094664,0.00094664
135,1201.47,0.46645,0.31637,0.93358,0.97834,0.95833,0.98502,0.8825,0.5056,0.36221,0.91407,0.00093872,0.00093872,0.00093872
136,1209.09,0.44309,0.29619,0.92734,0.98829,0.95833,0.98933,0.88865,0.5217,0.35027,0.91842,0.0009308,0.0009308,0.0009308
137,1219.32,0.45949,0.29998,0.93766,0.98775,0.96875,0.98811,0.89446,0.51229,0.32908,0.9185,0.00092288,0.00092288,0.00092288
138,1227.01,0.44513,0.30023,0.93259,0.96928,0.98618,0.98731,0.88905,0.48426,0.31513,0.91782,0.00091496,0.00091496,0.00091496
139,1236.91,0.45044,0.30156,0.92091,0.97915,0.97846,0.98832,0.88807,0.51054,0.30921,0.92543,0.00090704,0.00090704,0.00090704
140,1244.95,0.44879,0.31503,0.93237,0.96904,0.978,0.9894,0.88473,0.49756,0.30596,0.9291,0.00089912,0.00089912,0.00089912
141,1254.58,0.459,0.31358,0.9423,0.96935,0.98846,0.99077,0.8931,0.53031,0.2915,0.94387,0.0008912,0.0008912,0.0008912
142,1263.03,0.45043,0.30597,0.92673,0.98726,0.96875,0.9871,0.88732,0.49043,0.29513,0.90967,0.00088328,0.00088328,0.00088328
143,1272.5,0.45164,0.30713,0.95005,0.97852,0.95833,0.98075,0.87184,0.51873,0.32548,0.9197,0.00087536,0.00087536,0.00087536
144,1281.11,0.47072,0.31276,0.92366,0.98936,0.96816,0.98846,0.88135,0.48981,0.29404,0.90586,0.00086744,0.00086744,0.00086744
145,1289.51,0.44043,0.29946,0.92956,0.98722,0.96875,0.98534,0.87776,0.48111,0.30532,0.90826,0.00085952,0.00085952,0.00085952
146,1297.89,0.456,0.2923,0.91734,0.98645,0.96875,0.98537,0.8842,0.50084,0.32008,0.91975,0.0008516,0.0008516,0.0008516
147,1306.07,0.44593,0.29969,0.93472,0.98201,0.96875,0.98172,0.886,0.48927,0.31502,0.91544,0.00084368,0.00084368,0.00084368
148,1314.99,0.43683,0.28784,0.9154,0.9679,0.97917,0.98052,0.88972,0.47711,0.32806,0.91144,0.00083576,0.00083576,0.00083576
149,1323.03,0.41706,0.29216,0.90896,0.96605,0.97917,0.98059,0.89038,0.46215,0.30984,0.89976,0.00082784,0.00082784,0.00082784
150,1332.29,0.43792,0.29449,0.93243,0.96748,0.97917,0.97999,0.87438,0.49078,0.32024,0.91475,0.00081992,0.00081992,0.00081992
151,1340.11,0.44218,0.29633,0.93443,0.96732,0.97917,0.98234,0.87846,0.49274,0.33139,0.91088,0.000812,0.000812,0.000812
152,1350.02,0.41793,0.29773,0.91152,0.97909,0.97917,0.98397,0.87608,0.49494,0.32348,0.91053,0.00080408,0.00080408,0.00080408
153,1357.79,0.44923,0.31438,0.9488,0.98791,0.97917,0.98621,0.88636,0.49647,0.31398,0.90598,0.00079616,0.00079616,0.00079616
154,1368.11,0.45116,0.30328,0.92446,0.98632,0.97917,0.98412,0.88213,0.50525,0.31783,0.91177,0.00078824,0.00078824,0.00078824
155,1376.2,0.41469,0.28266,0.91663,0.96776,0.97917,0.98752,0.88731,0.49666,0.313,0.912,0.00078032,0.00078032,0.00078032
156,1386.4,0.44999,0.29499,0.93236,0.97908,0.97505,0.98879,0.87881,0.48938,0.30558,0.90736,0.0007724,0.0007724,0.0007724
157,1394.42,0.41756,0.29439,0.90842,0.98791,0.97917,0.98723,0.88352,0.48087,0.30377,0.91128,0.00076448,0.00076448,0.00076448
158,1404.11,0.42502,0.28299,0.91785,0.98957,0.98853,0.98562,0.8899,0.48552,0.31315,0.91361,0.00075656,0.00075656,0.00075656
159,1412.88,0.448,0.29923,0.93393,0.98957,0.98788,0.98604,0.88661,0.49698,0.31437,0.91935,0.00074864,0.00074864,0.00074864
160,1422.06,0.42557,0.30024,0.92442,0.97506,0.98958,0.98444,0.8908,0.48538,0.33004,0.90773,0.00074072,0.00074072,0.00074072
161,1430.43,0.43056,0.29717,0.92869,0.98366,0.95833,0.98598,0.89367,0.46217,0.30993,0.89969,0.0007328,0.0007328,0.0007328
162,1439.6,0.41072,0.28611,0.91812,0.9867,0.95833,0.98787,0.88887,0.46948,0.30376,0.90223,0.00072488,0.00072488,0.00072488
163,1447.96,0.4156,0.28408,0.92329,0.98947,0.9789,0.98696,0.89717,0.46846,0.30603,0.89688,0.00071696,0.00071696,0.00071696
164,1456.47,0.44529,0.29596,0.92401,0.98826,0.97917,0.98633,0.8968,0.45941,0.302,0.89827,0.00070904,0.00070904,0.00070904
165,1465.43,0.41833,0.29038,0.9162,0.98871,0.97917,0.98817,0.88962,0.47632,0.29814,0.89839,0.00070112,0.00070112,0.00070112
166,1473.79,0.42086,0.29205,0.93437,0.98766,0.96875,0.98366,0.87919,0.47373,0.3205,0.89941,0.0006932,0.0006932,0.0006932
167,1483.26,0.39719,0.27533,0.90112,0.98928,0.97917,0.98432,0.89774,0.44503,0.314,0.87936,0.00068528,0.00068528,0.00068528
168,1490.98,0.38852,0.26359,0.90751,0.98567,0.96875,0.98172,0.90181,0.44055,0.29433,0.87697,0.00067736,0.00067736,0.00067736
169,1500.74,0.41966,0.2791,0.92246,0.97928,0.96875,0.98293,0.9008,0.44516,0.28837,0.87981,0.00066944,0.00066944,0.00066944
170,1508.91,0.39056,0.27144,0.89661,0.97692,0.97917,0.98562,0.89274,0.4657,0.30295,0.88888,0.00066152,0.00066152,0.00066152
171,1518.95,0.41846,0.28143,0.91168,0.9815,0.97917,0.98429,0.89443,0.47721,0.31634,0.90571,0.0006536,0.0006536,0.0006536
172,1526.83,0.41114,0.27146,0.90512,0.98571,0.97917,0.98347,0.88941,0.47506,0.30188,0.90184,0.00064568,0.00064568,0.00064568
173,1536.78,0.39622,0.28124,0.90439,0.97867,0.97917,0.98215,0.88419,0.47288,0.31553,0.89707,0.00063776,0.00063776,0.00063776
174,1545.39,0.39196,0.2635,0.90439,0.9784,0.97917,0.97918,0.88311,0.47385,0.3083,0.89559,0.00062984,0.00062984,0.00062984
175,1555.25,0.39391,0.27975,0.8926,0.97658,0.97917,0.98017,0.89216,0.45897,0.31614,0.89514,0.00062192,0.00062192,0.00062192
176,1563.63,0.39114,0.26432,0.90368,0.98936,0.96869,0.98196,0.88589,0.50187,0.30263,0.91773,0.000614,0.000614,0.000614
177,1573.43,0.37913,0.2589,0.89595,0.98864,0.97917,0.98148,0.89311,0.47096,0.29888,0.9055,0.00060608,0.00060608,0.00060608
178,1581.77,0.38353,0.25884,0.9142,0.98696,0.97917,0.98541,0.89556,0.48385,0.31684,0.90281,0.00059816,0.00059816,0.00059816
179,1591.24,0.35813,0.25147,0.88381,0.98956,0.9872,0.98618,0.8956,0.46554,0.30026,0.89622,0.00059024,0.00059024,0.00059024
180,1599.52,0.40521,0.27576,0.9171,0.98952,0.98344,0.98603,0.89106,0.48809,0.32501,0.89912,0.00058232,0.00058232,0.00058232
181,1608.91,0.39144,0.27184,0.9073,0.97823,0.95833,0.98087,0.88038,0.49548,0.3297,0.91195,0.0005744,0.0005744,0.0005744
182,1617.4,0.38282,0.26251,0.88971,0.98744,0.94792,0.97902,0.88593,0.49071,0.31443,0.9032,0.00056648,0.00056648,0.00056648
183,1625.87,0.40149,0.26725,0.91989,0.96777,0.96875,0.9813,0.88034,0.44191,0.28907,0.88435,0.00055856,0.00055856,0.00055856
184,1634.73,0.38628,0.26286,0.9071,0.9857,0.96875,0.98408,0.88659,0.45675,0.29036,0.88808,0.00055064,0.00055064,0.00055064
185,1642.86,0.38163,0.25716,0.91321,0.98795,0.97917,0.98402,0.88968,0.45711,0.29014,0.89524,0.00054272,0.00054272,0.00054272
186,1652.53,0.38903,0.26773,0.90832,0.98787,0.97917,0.9831,0.88882,0.47807,0.30261,0.90645,0.0005348,0.0005348,0.0005348
187,1660.15,0.40585,0.27938,0.93087,0.98628,0.97917,0.97816,0.8795,0.47626,0.29952,0.90824,0.00052688,0.00052688,0.00052688
188,1670.1,0.36948,0.25714,0.89286,0.97797,0.97917,0.98515,0.88018,0.46813,0.29243,0.899,0.00051896,0.00051896,0.00051896
189,1677.68,0.3856,0.26871,0.90934,0.9678,0.97917,0.98759,0.89061,0.46045,0.27702,0.89945,0.00051104,0.00051104,0.00051104
190,1687.53,0.36961,0.24852,0.90332,0.97672,0.97917,0.98906,0.89744,0.45881,0.27158,0.89663,0.00050312,0.00050312,0.00050312
191,1695.32,0.36687,0.25499,0.89457,0.9875,0.97917,0.98853,0.896,0.46635,0.28565,0.89964,0.0004952,0.0004952,0.0004952
192,1705.5,0.35405,0.25118,0.88274,0.98619,0.97917,0.98848,0.89918,0.47039,0.27773,0.90491,0.00048728,0.00048728,0.00048728
193,1714.04,0.37113,0.25787,0.90956,0.98098,0.97917,0.98884,0.89318,0.46655,0.2706,0.90555,0.00047936,0.00047936,0.00047936
194,1723.42,0.37976,0.25638,0.91472,0.97853,0.97917,0.98689,0.89228,0.48118,0.2741,0.9081,0.00047144,0.00047144,0.00047144
195,1732.15,0.36284,0.25943,0.90168,0.98656,0.97917,0.98411,0.89145,0.47237,0.26746,0.90826,0.00046352,0.00046352,0.00046352
196,1740.77,0.37496,0.26305,0.89701,0.98644,0.97917,0.98438,0.88329,0.48665,0.28345,0.91174,0.0004556,0.0004556,0.0004556
197,1750.03,0.37837,0.26278,0.90937,0.98881,0.97917,0.98574,0.88849,0.47668,0.27913,0.90958,0.00044768,0.00044768,0.00044768
198,1758.37,0.36747,0.25336,0.89387,0.98889,0.97917,0.98184,0.88448,0.46959,0.27842,0.90063,0.00043976,0.00043976,0.00043976
199,1767.84,0.37073,0.25158,0.8971,0.97822,0.97917,0.98312,0.88703,0.46496,0.28473,0.8946,0.00043184,0.00043184,0.00043184
200,1775.48,0.38094,0.24777,0.90742,0.97853,0.97917,0.98737,0.88823,0.46434,0.27405,0.90629,0.00042392,0.00042392,0.00042392
201,1785.03,0.34316,0.2417,0.88472,0.98946,0.9781,0.98631,0.88851,0.47479,0.27857,0.91193,0.000416,0.000416,0.000416
202,1792.57,0.3722,0.25237,0.89099,0.98946,0.97785,0.98713,0.89393,0.48147,0.29283,0.91964,0.00040808,0.00040808,0.00040808
203,1802.35,0.36459,0.24918,0.89011,0.98679,0.96875,0.98234,0.88655,0.50228,0.30501,0.923,0.00040016,0.00040016,0.00040016
204,1810.3,0.36895,0.25229,0.89367,0.98404,0.96875,0.98249,0.89809,0.47948,0.29415,0.91839,0.00039224,0.00039224,0.00039224
205,1820.56,0.37092,0.24617,0.89766,0.96905,0.9784,0.98427,0.89736,0.46583,0.30117,0.90542,0.00038432,0.00038432,0.00038432
206,1828.26,0.36623,0.24881,0.89233,0.98936,0.96816,0.98284,0.8951,0.47198,0.30115,0.91416,0.0003764,0.0003764,0.0003764
207,1837.83,0.35193,0.24109,0.88827,0.97914,0.97811,0.98218,0.88716,0.46434,0.28671,0.90762,0.00036848,0.00036848,0.00036848
208,1846.17,0.36828,0.24203,0.8988,0.97914,0.97783,0.98213,0.88953,0.45699,0.27949,0.90054,0.00036056,0.00036056,0.00036056
209,1855.78,0.358,0.24282,0.89533,0.98688,0.96875,0.98375,0.89939,0.46282,0.29484,0.89391,0.00035264,0.00035264,0.00035264
210,1864.11,0.3376,0.2386,0.86762,0.98947,0.97867,0.98221,0.89268,0.47598,0.31554,0.90666,0.00034472,0.00034472,0.00034472
211,1873.75,0.36765,0.24849,0.90592,0.98853,0.97917,0.98254,0.89054,0.4814,0.31352,0.91315,0.0003368,0.0003368,0.0003368
212,1881.98,0.3743,0.25643,0.90684,0.98845,0.97917,0.98263,0.89418,0.48004,0.31689,0.91022,0.00032888,0.00032888,0.00032888
213,1891.02,0.34729,0.2394,0.89447,0.97935,0.98824,0.98121,0.88774,0.47764,0.30411,0.91259,0.00032096,0.00032096,0.00032096
214,1899.54,0.35277,0.24198,0.89945,0.98842,0.97917,0.97917,0.88587,0.4639,0.29244,0.90282,0.00031304,0.00031304,0.00031304
215,1908.33,0.34004,0.23095,0.87699,0.98854,0.97917,0.97343,0.87999,0.47539,0.29851,0.90901,0.00030512,0.00030512,0.00030512
216,1916.99,0.33039,0.22845,0.8656,0.98672,0.97917,0.97373,0.88069,0.46036,0.30568,0.90378,0.0002972,0.0002972,0.0002972
217,1925.27,0.34622,0.22984,0.8988,0.98947,0.97913,0.97697,0.88496,0.4653,0.31922,0.90565,0.00028928,0.00028928,0.00028928
218,1934.07,0.33548,0.22853,0.88466,0.98835,0.97917,0.98142,0.88353,0.48354,0.31958,0.91614,0.00028136,0.00028136,0.00028136
219,1942.68,0.34559,0.24142,0.88939,0.98946,0.9783,0.9834,0.89039,0.47483,0.30375,0.90919,0.00027344,0.00027344,0.00027344
220,1951.74,0.33976,0.23117,0.87663,0.98852,0.96875,0.98565,0.8933,0.47347,0.297,0.91057,0.00026552,0.00026552,0.00026552
221,1959.55,0.3315,0.23077,0.88015,0.98839,0.96875,0.98674,0.89586,0.4582,0.2893,0.90339,0.0002576,0.0002576,0.0002576
222,1969.34,0.33336,0.22584,0.88344,0.98837,0.96875,0.9837,0.89411,0.46688,0.29836,0.90714,0.00024968,0.00024968,0.00024968
223,1976.9,0.32981,0.23028,0.89049,0.98844,0.96875,0.98318,0.89213,0.45429,0.29853,0.904,0.00024176,0.00024176,0.00024176
224,1986.82,0.33411,0.21915,0.87611,0.98767,0.96875,0.9829,0.89521,0.44343,0.30261,0.89898,0.00023384,0.00023384,0.00023384
225,1994.75,0.32832,0.22152,0.88713,0.98703,0.96875,0.98268,0.8983,0.44265,0.29601,0.89398,0.00022592,0.00022592,0.00022592
226,2004.99,0.32301,0.22,0.87674,0.97915,0.97858,0.98164,0.8933,0.44363,0.27823,0.89963,0.000218,0.000218,0.000218
227,2013.01,0.32749,0.22102,0.87726,0.97915,0.9786,0.9823,0.89788,0.44977,0.276,0.89558,0.00021008,0.00021008,0.00021008
228,2022.52,0.32647,0.22976,0.8755,0.97916,0.97905,0.98309,0.90118,0.44698,0.27705,0.8948,0.00020216,0.00020216,0.00020216
229,2030.69,0.32399,0.22114,0.89159,0.97903,0.97917,0.98258,0.89604,0.44932,0.28759,0.89722,0.00019424,0.00019424,0.00019424
230,2039.5,0.33697,0.23042,0.89218,0.97898,0.97917,0.98192,0.88894,0.46479,0.2976,0.89985,0.00018632,0.00018632,0.00018632
231,2048.51,0.33375,0.22257,0.88673,0.97916,0.97891,0.98166,0.89449,0.45337,0.29607,0.89658,0.0001784,0.0001784,0.0001784
232,2057.76,0.32445,0.22095,0.88494,0.97915,0.97826,0.98119,0.89968,0.45139,0.28185,0.89813,0.00017048,0.00017048,0.00017048
233,2066.36,0.31774,0.21868,0.87669,0.97915,0.97822,0.98145,0.90059,0.45818,0.29112,0.89955,0.00016256,0.00016256,0.00016256
234,2075.46,0.3154,0.2094,0.87204,0.98694,0.96875,0.98281,0.90307,0.45579,0.29339,0.90126,0.00015464,0.00015464,0.00015464
235,2083.65,0.33677,0.22695,0.89802,0.98682,0.96875,0.98276,0.90597,0.45219,0.29275,0.89882,0.00014672,0.00014672,0.00014672
236,2092.36,0.31336,0.20995,0.88036,0.98672,0.96875,0.98179,0.90492,0.4556,0.29086,0.90182,0.0001388,0.0001388,0.0001388
237,2101.41,0.32901,0.22457,0.88799,0.9869,0.96875,0.98291,0.9015,0.45336,0.28384,0.89982,0.00013088,0.00013088,0.00013088
238,2109.39,0.33149,0.22061,0.89299,0.97915,0.97858,0.98366,0.90491,0.44056,0.26969,0.89351,0.00012296,0.00012296,0.00012296
239,2118.86,0.29873,0.2153,0.87219,0.97904,0.97917,0.98359,0.90151,0.44444,0.26709,0.89651,0.00011504,0.00011504,0.00011504
240,2127.37,0.31765,0.2249,0.88323,0.97885,0.97917,0.98434,0.89547,0.44797,0.26496,0.89881,0.00010712,0.00010712,0.00010712
241,2140.99,0.27892,0.19708,0.84424,0.97887,0.97917,0.98447,0.89907,0.44812,0.2659,0.89837,9.92e-05,9.92e-05,9.92e-05
242,2150.49,0.27881,0.18827,0.83664,0.97904,0.97917,0.98375,0.89507,0.44915,0.26989,0.89854,9.128e-05,9.128e-05,9.128e-05
243,2158.8,0.26328,0.18403,0.83108,0.97913,0.97761,0.98254,0.89358,0.4472,0.27218,0.89751,8.336e-05,8.336e-05,8.336e-05
244,2167.52,0.26511,0.17891,0.82166,0.98799,0.96875,0.98202,0.89781,0.44703,0.27385,0.89945,7.544e-05,7.544e-05,7.544e-05
245,2176.01,0.26174,0.17913,0.82543,0.98581,0.96875,0.98221,0.89813,0.44753,0.27897,0.8993,6.752e-05,6.752e-05,6.752e-05
246,2183.86,0.2578,0.17436,0.82796,0.98451,0.96875,0.98219,0.89545,0.45062,0.28327,0.90044,5.96e-05,5.96e-05,5.96e-05
247,2192.79,0.24996,0.17366,0.81276,0.98456,0.96875,0.98119,0.89427,0.45049,0.2872,0.90056,5.168e-05,5.168e-05,5.168e-05
248,2200.28,0.27055,0.17972,0.84612,0.98249,0.96875,0.98093,0.89537,0.4537,0.28907,0.90304,4.376e-05,4.376e-05,4.376e-05
249,2209.38,0.26214,0.17577,0.82998,0.97892,0.96875,0.98075,0.89556,0.45676,0.28754,0.90497,3.584e-05,3.584e-05,3.584e-05
250,2216.93,0.25266,0.17142,0.83139,0.97848,0.96875,0.98061,0.89646,0.45697,0.28445,0.9056,2.792e-05,2.792e-05,2.792e-05
